<xml xmlns:o="urn:schemas-microsoft-com:office:office">
 <o:MainFile HRef="../Aetna-universal-medical-dental-file-data-dictionary.html"/>
 <o:File HRef="themedata.thmx"/>
 <o:File HRef="colorschememapping.xml"/>
 <o:File HRef="image001.emz"/>
 <o:File HRef="image002.jpg"/>
 <o:File HRef="image003.emz"/>
 <o:File HRef="oledata.mso"/>
 <o:File HRef="image004.emz"/>
 <o:File HRef="image005.emz"/>
 <o:File HRef="image006.emz"/>
 <o:File HRef="image007.emz"/>
 <o:File HRef="image008.emz"/>
 <o:File HRef="image009.emz"/>
 <o:File HRef="image010.emz"/>
 <o:File HRef="image011.emz"/>
 <o:File HRef="image012.emz"/>
 <o:File HRef="image013.emz"/>
 <o:File HRef="image014.emz"/>
 <o:File HRef="image015.emz"/>
 <o:File HRef="image016.emz"/>
 <o:File HRef="image017.emz"/>
 <o:File HRef="image018.emz"/>
 <o:File HRef="image019.emz"/>
 <o:File HRef="image020.emz"/>
 <o:File HRef="image021.emz"/>
 <o:File HRef="image022.emz"/>
 <o:File HRef="image023.emz"/>
 <o:File HRef="header.html"/>
 <o:File HRef="filelist.xml"/>
</xml>